INSERT INTO USER_DETAILS(USER_ID,FIRST_NAME,LAST_NAME,USER_STATUS)VALUES('yk13134','YELLA','RAO','ACTIVE');
INSERT INTO ACCOUNT_DETAILS(ACCOUNT_NUMBER,AVAILABLE_BALANCE,ACCOUNT_NAME,ACCOUNT_TYPE,BALANCE_DATE,CURRENCY,ACCT_USER_ID,ACCOUNT_STATUS) VALUES('ANZSGB2123',15000.78,'SGSavingAccount','Saving',TO_DATE('19/12/2020', 'dd/mm/yyyy'),'SGD','yk13134','ACTIVE');
INSERT INTO TRANSACTION_DETAILS(TRANSACTION_ID,ACCOUNT_NAME,ACCT_NBR,CURRENCY,TRANSACTION_TYPE,CREDIT_AMOUNT,DEBIT_AMOUNT,VALUE_DATE,TRANSACTION_NARRATIVE)VALUES(1234566,'SGSavingAccount','ANZSGB2123','SGD','Credit',3000.00,null,TO_DATE('03/05/2020', 'dd/mm/yyyy'),'');
INSERT INTO TRANSACTION_DETAILS(TRANSACTION_ID,ACCOUNT_NAME,ACCT_NBR,CURRENCY,TRANSACTION_TYPE,CREDIT_AMOUNT,DEBIT_AMOUNT,VALUE_DATE,TRANSACTION_NARRATIVE)VALUES(1233899,'SGSavingAccount','ANZSGB2123','SGD','Credit',2000.00,null,TO_DATE('03/06/2020', 'dd/mm/yyyy'),'');
INSERT INTO TRANSACTION_DETAILS(TRANSACTION_ID,ACCOUNT_NAME,ACCT_NBR,CURRENCY,TRANSACTION_TYPE,CREDIT_AMOUNT,DEBIT_AMOUNT,VALUE_DATE,TRANSACTION_NARRATIVE)VALUES(1249087,'SGSavingAccount','ANZSGB2123','SGD','Credit',4000.00,null,TO_DATE('01/07/2020', 'dd/mm/yyyy'),'');
INSERT INTO TRANSACTION_DETAILS(TRANSACTION_ID,ACCOUNT_NAME,ACCT_NBR,CURRENCY,TRANSACTION_TYPE,CREDIT_AMOUNT,DEBIT_AMOUNT,VALUE_DATE,TRANSACTION_NARRATIVE)VALUES(1250000,'SGSavingAccount','ANZSGB2123','SGD','Credit',5000.00,null,TO_DATE('13/08/2020', 'dd/mm/yyyy'),'');
INSERT INTO TRANSACTION_DETAILS(TRANSACTION_ID,ACCOUNT_NAME,ACCT_NBR,CURRENCY,TRANSACTION_TYPE,CREDIT_AMOUNT,DEBIT_AMOUNT,VALUE_DATE,TRANSACTION_NARRATIVE)VALUES(1251000,'SGSavingAccount','ANZSGB2123','SGD','Credit',1000.00,null,TO_DATE('23/09/2020', 'dd/mm/yyyy'),'');
INSERT INTO TRANSACTION_DETAILS(TRANSACTION_ID,ACCOUNT_NAME,ACCT_NBR,CURRENCY,TRANSACTION_TYPE,CREDIT_AMOUNT,DEBIT_AMOUNT,VALUE_DATE,TRANSACTION_NARRATIVE)VALUES(1260023,'SGSavingAccount','ANZSGB2123','SGD','Debit',null,8000.00,TO_DATE('13/10/2020', 'dd/mm/yyyy'),'pay to family');
INSERT INTO TRANSACTION_DETAILS(TRANSACTION_ID,ACCOUNT_NAME,ACCT_NBR,CURRENCY,TRANSACTION_TYPE,CREDIT_AMOUNT,DEBIT_AMOUNT,VALUE_DATE,TRANSACTION_NARRATIVE)VALUES(1271234,'SGSavingAccount','ANZSGB2123','SGD','Credit',6000.00,null,TO_DATE('28/11/2020', 'dd/mm/yyyy'),'');
INSERT INTO TRANSACTION_DETAILS(TRANSACTION_ID,ACCOUNT_NAME,ACCT_NBR,CURRENCY,TRANSACTION_TYPE,CREDIT_AMOUNT,DEBIT_AMOUNT,VALUE_DATE,TRANSACTION_NARRATIVE)VALUES(1281234,'SGSavingAccount','ANZSGB2123','SGD','Credit',500.50,null,TO_DATE('30/11/2020', 'dd/mm/yyyy'),'');
INSERT INTO TRANSACTION_DETAILS(TRANSACTION_ID,ACCOUNT_NAME,ACCT_NBR,CURRENCY,TRANSACTION_TYPE,CREDIT_AMOUNT,DEBIT_AMOUNT,VALUE_DATE,TRANSACTION_NARRATIVE)VALUES(1291230,'SGSavingAccount','ANZSGB2123','SGD','Credit',1500.28,null,TO_DATE('03/12/2020', 'dd/mm/yyyy'),'');
INSERT INTO USER_DETAILS(USER_ID,FIRST_NAME,LAST_NAME,USER_STATUS)VALUES('am13543','Arjun','Metre','ACTIVE');
INSERT INTO ACCOUNT_DETAILS(ACCOUNT_NUMBER,AVAILABLE_BALANCE,ACCOUNT_NAME,ACCOUNT_TYPE,BALANCE_DATE,CURRENCY,ACCT_USER_ID,ACCOUNT_STATUS) VALUES('ANZAUD1234',15000.78,'AUSavingAccount','Saving',TO_DATE('19/12/2020', 'dd/mm/yyyy'),'SGD','am13543','ACTIVE');
INSERT INTO TRANSACTION_DETAILS(TRANSACTION_ID,ACCOUNT_NAME,ACCT_NBR,CURRENCY,TRANSACTION_TYPE,CREDIT_AMOUNT,DEBIT_AMOUNT,VALUE_DATE,TRANSACTION_NARRATIVE)VALUES(2234566,'AUSavingAccount','ANZAUD1234','SGD','Credit',3000.00,null,TO_DATE('03/05/2020', 'dd/mm/yyyy'),'');
INSERT INTO TRANSACTION_DETAILS(TRANSACTION_ID,ACCOUNT_NAME,ACCT_NBR,CURRENCY,TRANSACTION_TYPE,CREDIT_AMOUNT,DEBIT_AMOUNT,VALUE_DATE,TRANSACTION_NARRATIVE)VALUES(2233899,'AUSavingAccount','ANZAUD1234','SGD','Credit',2000.00,null,TO_DATE('03/06/2020', 'dd/mm/yyyy'),'');
INSERT INTO TRANSACTION_DETAILS(TRANSACTION_ID,ACCOUNT_NAME,ACCT_NBR,CURRENCY,TRANSACTION_TYPE,CREDIT_AMOUNT,DEBIT_AMOUNT,VALUE_DATE,TRANSACTION_NARRATIVE)VALUES(2249087,'AUSavingAccount','ANZAUD1234','SGD','Credit',4000.00,null,TO_DATE('01/07/2020', 'dd/mm/yyyy'),'');
INSERT INTO TRANSACTION_DETAILS(TRANSACTION_ID,ACCOUNT_NAME,ACCT_NBR,CURRENCY,TRANSACTION_TYPE,CREDIT_AMOUNT,DEBIT_AMOUNT,VALUE_DATE,TRANSACTION_NARRATIVE)VALUES(2250000,'AUSavingAccount','ANZAUD1234','SGD','Credit',5000.00,null,TO_DATE('13/08/2020', 'dd/mm/yyyy'),'');
INSERT INTO TRANSACTION_DETAILS(TRANSACTION_ID,ACCOUNT_NAME,ACCT_NBR,CURRENCY,TRANSACTION_TYPE,CREDIT_AMOUNT,DEBIT_AMOUNT,VALUE_DATE,TRANSACTION_NARRATIVE)VALUES(2251000,'AUSavingAccount','ANZAUD1234','SGD','Credit',1000.00,null,TO_DATE('23/09/2020', 'dd/mm/yyyy'),'');
INSERT INTO TRANSACTION_DETAILS(TRANSACTION_ID,ACCOUNT_NAME,ACCT_NBR,CURRENCY,TRANSACTION_TYPE,CREDIT_AMOUNT,DEBIT_AMOUNT,VALUE_DATE,TRANSACTION_NARRATIVE)VALUES(2260023,'AUSavingAccount','ANZAUD1234','SGD','Debit',8000.00,null,TO_DATE('13/10/2020', 'dd/mm/yyyy'),'pay to family');
INSERT INTO TRANSACTION_DETAILS(TRANSACTION_ID,ACCOUNT_NAME,ACCT_NBR,CURRENCY,TRANSACTION_TYPE,CREDIT_AMOUNT,DEBIT_AMOUNT,VALUE_DATE,TRANSACTION_NARRATIVE)VALUES(2271234,'AUSavingAccount','ANZAUD1234','SGD','Credit',6000.00,null,TO_DATE('28/11/2020', 'dd/mm/yyyy'),'');
INSERT INTO TRANSACTION_DETAILS(TRANSACTION_ID,ACCOUNT_NAME,ACCT_NBR,CURRENCY,TRANSACTION_TYPE,CREDIT_AMOUNT,DEBIT_AMOUNT,VALUE_DATE,TRANSACTION_NARRATIVE)VALUES(2281234,'AUSavingAccount','ANZAUD1234','SGD','Credit',500.50,null,TO_DATE('30/11/2020', 'dd/mm/yyyy'),'');
INSERT INTO TRANSACTION_DETAILS(TRANSACTION_ID,ACCOUNT_NAME,ACCT_NBR,CURRENCY,TRANSACTION_TYPE,CREDIT_AMOUNT,DEBIT_AMOUNT,VALUE_DATE,TRANSACTION_NARRATIVE)VALUES(2291230,'AUSavingAccount','ANZAUD1234','SGD','Credit',1500.28,null,TO_DATE('03/12/2020', 'dd/mm/yyyy'),'');
